130.1	PF00308.21	109	323	5	214	215	99	449	219	0.479	0.959	215
130.1	PF08299.14	357	425	1	69	69	22	449	69	0.154	1.000	95
130.33	PF02645.19	3	273	1	273	273	176	280	280	0.968	0.975	156
130.161	PF13603.9	222	400	1	184	184	74	805	185	0.222	0.995	209
130.161	PF00133.25	12	608	2	589	597	484	805	602	0.742	0.977	91
130.161	PF09334.14	39	225	8	218	211	140	805	391	0.232	0.540	72
130.161	PF08264.16	658	768	9	150	142	79	805	153	0.138	0.928	60
130.161	PF09334.14	576	608	321	353	33	13	805	391	0.041	0.084	42
130.257	PF04296.16	10	82	1	73	73	19	91	75	0.802	0.973	112
130.289	PF00069.28	14	258	1	252	252	163	337	264	0.727	0.955	134
130.289	PF07714.20	27	265	14	258	245	173	337	259	0.709	0.946	97
130.321	PF00113.25	142	449	4	296	308	94	458	296	0.672	0.990	417
130.321	PF03952.19	4	134	1	131	131	25	458	131	0.286	1.000	220
130.385	PF00216.24	1	92	1	90	92	41	94	90	0.979	1.000	97
130.481	PF02527.18	2	146	20	161	145	81	197	184	0.736	0.772	110
130.545	PF00573.25	16	205	1	192	192	74	208	193	0.913	0.995	229
130.673	PF00436.28	1	82	1	89	89	47	84	104	0.976	0.856	69
130.705	PF17770.4	484	582	1	99	99	52	586	102	0.169	0.971	88
130.705	PF00753.30	51	193	7	150	144	103	586	197	0.244	0.731	59
130.705	PF07521.15	394	439	13	63	51	24	586	63	0.078	0.810	47
130.737	PF04055.24	6	169	1	161	164	116	359	167	0.457	0.964	68
130.769	PF00436.28	1	82	1	89	89	47	138	104	0.594	0.856	70
130.801	PF12299.11	35	107	1	83	83	43	120	94	0.608	0.883	60
130.865	PF02616.17	28	244	5	238	234	162	253	241	0.858	0.971	80
130.897	PF01555.21	172	230	172	230	59	20	242	231	0.244	0.255	79
130.1025	PF01081.22	39	139	37	136	101	64	184	196	0.549	0.510	62
130.1057	PF12461.11	103	130	212	238	28	5	132	708	0.212	0.038	50
130.1185	PF01048.23	35	211	38	216	179	133	513	234	0.345	0.765	61
130.1441	PF12299.11	35	110	1	86	86	48	144	94	0.528	0.915	55
130.1505	PF12299.11	36	96	1	71	71	38	96	94	0.635	0.755	46
130.1697	PF00185.27	11	148	1	154	154	97	155	157	0.890	0.981	71
130.1889	PF00056.26	7	145	2	140	139	76	318	141	0.437	0.986	114
130.1889	PF02866.21	149	315	1	165	167	119	318	167	0.525	0.988	67
130.2017	PF04297.17	4	86	1	83	83	39	106	101	0.783	0.822	84
130.2049	PF00232.21	6	467	9	452	462	284	494	453	0.935	0.980	275
130.2081	PF00359.25	2	42	89	127	41	21	109	144	0.376	0.271	37
130.2177	PF01458.20	224	450	1	218	227	98	479	218	0.474	1.000	238
130.2177	PF19295.2	166	213	124	171	48	22	479	172	0.100	0.279	51
130.2273	PF12461.11	53	145	134	238	105	64	147	708	0.633	0.148	53
130.2	PF02767.19	136	246	6	116	111	63	372	116	0.298	0.957	86
130.2	PF02768.18	250	370	3	121	121	74	372	121	0.325	0.983	80
130.2	PF00712.22	5	121	5	120	117	78	372	121	0.315	0.959	61
130.34	PF05343.17	48	83	1	33	36	14	86	292	0.419	0.113	42
130.130	PF08282.15	12	278	1	255	267	164	287	255	0.930	1.000	156
130.162	PF09529.13	46	239	13	190	194	133	359	224	0.540	0.795	68
130.290	PF03193.19	62	228	1	166	167	70	289	167	0.578	0.994	188
130.290	PF16745.8	4	59	1	54	56	20	289	54	0.194	1.000	71
130.482	PF13614.9	2	179	1	177	178	58	256	177	0.695	1.000	240
130.482	PF01656.26	5	230	1	234	234	144	256	234	0.883	1.000	141
130.482	PF10609.12	4	40	5	41	37	14	256	246	0.145	0.150	47
130.482	PF00142.21	11	46	8	43	36	13	256	272	0.141	0.132	47
130.514	PF01131.23	128	538	1	412	412	226	664	412	0.619	1.000	332
130.514	PF01751.25	4	114	1	107	111	65	664	107	0.167	1.000	76
130.514	PF01396.22	564	595	1	32	32	4	664	39	0.048	0.821	60
130.514	PF01396.22	606	637	4	33	32	11	664	39	0.048	0.769	43
130.546	PF00276.23	5	90	1	86	86	30	95	86	0.905	1.000	113
130.706	PF01327.24	16	138	42	159	123	61	147	159	0.837	0.742	111
130.738	PF01546.31	1	54	31	84	54	30	153	316	0.353	0.171	46
130.866	PF04079.19	8	169	1	159	162	71	182	159	0.890	1.000	172
130.1058	PF00665.29	55	170	4	103	116	71	233	103	0.498	0.971	49
130.1186	PF02588.18	69	252	1	148	184	113	428	206	0.430	0.718	55
130.1410	PF10854.11	1	67	1	67	67	1	67	67	1.000	1.000	142
130.1442	PF02086.18	9	68	1	59	60	32	264	260	0.227	0.227	51
130.1570	PF10854.11	1	67	1	67	67	0	67	67	1.000	1.000	153
130.1666	PF00436.28	1	54	1	59	59	27	57	104	0.947	0.567	57
130.1698	PF02729.24	1	52	58	113	56	32	52	146	1.000	0.384	38
130.1730	PF01648.23	5	61	2	62	61	34	113	114	0.504	0.535	44
130.1826	PF03235.17	5	61	37	95	59	34	92	221	0.620	0.267	43
130.1858	PF12299.11	35	110	1	86	86	48	148	94	0.514	0.915	55
130.2018	PF00448.25	116	315	2	194	200	70	328	196	0.610	0.985	252
130.2082	PF20511.1	34	100	39	106	68	40	302	144	0.222	0.472	48
130.2146	PF09180.14	407	474	1	70	70	28	474	70	0.143	1.000	83
130.2146	PF03129.23	290	381	1	94	94	55	474	94	0.194	1.000	68
130.2146	PF00587.28	104	250	8	154	147	112	474	179	0.310	0.821	46
130.2178	PF01592.19	15	93	6	88	83	53	150	129	0.527	0.643	44
130.3	PF00204.28	224	395	1	175	175	72	639	175	0.269	1.000	198
130.3	PF00986.24	566	627	1	62	62	9	639	63	0.097	0.984	111
130.3	PF01751.25	423	535	1	107	113	64	639	107	0.177	1.000	79
130.3	PF02518.29	31	172	2	109	142	78	639	112	0.222	0.964	59
130.35	PF05343.17	3	226	67	292	226	122	248	292	0.903	0.774	188
130.99	PF00161.22	118	224	94	195	107	75	477	196	0.224	0.520	42
130.131	PF07724.17	450	608	1	169	169	66	713	171	0.223	0.988	193
130.131	PF17871.4	197	300	1	104	104	37	713	104	0.146	1.000	134
130.131	PF10431.12	616	697	1	81	82	43	713	81	0.115	1.000	73
130.131	PF00004.32	59	192	3	128	134	88	713	132	0.188	0.955	62
130.131	PF07728.17	455	573	2	122	121	82	713	139	0.167	0.871	59
130.259	PF11987.11	403	508	11	115	106	41	617	116	0.172	0.905	126
130.259	PF00009.30	118	278	1	195	195	100	617	201	0.261	0.970	126
130.259	PF04760.18	43	91	4	52	49	24	617	52	0.079	0.942	49
130.291	PF00834.22	6	208	2	198	203	89	226	198	0.898	0.995	213
130.355	PF00156.30	32	169	22	158	138	99	195	158	0.708	0.867	57
130.387	PF03838.17	7	32	1	26	26	8	52	162	0.500	0.160	38
130.483	PF02195.21	44	129	5	90	86	38	298	90	0.289	0.956	94
130.483	PF17762.4	180	231	2	52	52	27	298	52	0.174	0.981	46
130.515	PF00575.26	4	73	4	75	72	43	107	75	0.654	0.960	48
130.547	PF03947.21	125	253	1	126	129	23	278	126	0.464	1.000	218
130.547	PF00181.26	42	118	1	77	77	18	278	77	0.277	1.000	122
130.611	PF01746.24	40	218	18	195	179	82	243	195	0.737	0.913	184
130.739	PF01546.31	42	164	189	314	126	92	170	316	0.724	0.399	43
130.867	PF01479.28	2	48	1	48	48	23	86	48	0.547	1.000	48
130.931	PF00478.28	90	309	217	445	229	132	320	463	0.688	0.495	159
130.995	PF02086.18	9	240	1	259	259	185	261	260	0.889	0.996	57
130.1155	PF12461.11	14	50	211	246	37	14	98	708	0.378	0.051	46
130.1731	PF01351.21	91	145	1	55	55	28	299	199	0.184	0.276	51
130.1859	PF02086.18	9	240	1	259	259	189	261	260	0.889	0.996	47
130.1923	PF00359.25	5	132	2	127	128	69	721	144	0.178	0.875	107
130.1923	PF02302.20	171	259	3	89	89	56	721	90	0.123	0.967	55
130.1955	PF10854.11	1	67	1	67	67	0	67	67	1.000	1.000	157
130.2051	PF02378.21	426	569	190	324	144	87	697	324	0.207	0.417	85
130.2179	PF00266.22	21	394	1	371	374	204	409	371	0.914	1.000	302
130.2275	PF06723.16	12	336	3	327	325	103	347	327	0.937	0.994	443
130.2275	PF14450.9	158	323	2	143	166	110	347	143	0.478	0.993	47
130.4	PF00521.23	38	476	1	425	439	161	820	426	0.535	0.998	534
130.4	PF03989.16	764	804	1	41	41	19	820	48	0.050	0.854	43
130.4	PF03989.16	615	660	1	48	48	25	820	48	0.056	1.000	42
130.132	PF01628.24	103	321	1	217	219	132	348	219	0.629	0.991	148
130.196	PF00562.31	759	1136	8	389	382	116	1302	389	0.290	0.982	531
130.196	PF04565.19	548	616	1	68	69	11	1302	68	0.053	1.000	122
130.196	PF04560.23	1138	1214	1	87	87	28	1302	87	0.059	1.000	111
130.196	PF10385.12	626	691	1	65	66	24	1302	65	0.051	1.000	84
130.196	PF04563.18	466	514	325	373	49	20	1302	396	0.038	0.124	58
130.196	PF04561.17	207	365	1	148	159	111	1302	190	0.122	0.779	53
130.196	PF04563.18	174	214	99	166	68	26	1302	396	0.031	0.172	44
130.196	PF04561.17	466	489	167	190	24	4	1302	190	0.018	0.126	42
130.260	PF00455.25	88	220	2	135	134	76	220	160	0.605	0.837	104
130.324	PF02782.19	32	112	38	127	90	56	132	198	0.614	0.455	43
130.388	PF05103.16	10	66	5	54	57	29	108	131	0.528	0.382	44
130.420	PF12299.11	3	76	11	94	84	45	106	94	0.698	0.894	57
130.484	PF06071.16	282	365	1	84	84	7	366	84	0.230	1.000	163
130.484	PF01926.26	4	109	1	88	106	50	366	114	0.290	0.772	83
130.484	PF02421.21	4	33	2	31	30	10	366	156	0.082	0.192	42
130.548	PF00203.24	3	83	1	81	81	9	91	81	0.890	1.000	153
130.612	PF01245.23	4	113	1	110	110	19	118	111	0.932	0.991	190
130.804	PF02086.18	9	69	1	60	61	35	142	260	0.430	0.231	46
130.836	PF00829.24	1	97	1	100	100	34	181	100	0.536	1.000	130
130.868	PF00849.25	1	87	57	160	104	65	135	160	0.644	0.650	38
130.1220	PF02482.22	3	98	1	86	96	60	125	86	0.768	1.000	45
130.1316	PF06782.14	41	110	56	124	70	40	194	479	0.361	0.144	54
130.1476	PF03611.17	19	319	1	375	375	206	438	395	0.687	0.949	183
130.1508	PF11044.11	1	46	1	46	46	13	49	49	0.939	0.939	70
130.1572	PF12299.11	35	118	1	94	94	54	144	94	0.583	1.000	56
130.1700	PF04371.18	15	367	1	316	353	162	370	319	0.954	0.991	317
130.1764	PF00551.22	6	171	5	169	166	106	319	181	0.520	0.912	99
130.1764	PF02911.21	206	304	1	95	99	59	319	100	0.310	0.950	65
130.1956	PF12299.11	6	57	38	94	57	33	83	94	0.627	0.606	37
130.2052	PF02302.20	1	80	10	89	80	49	87	90	0.920	0.889	54
130.2116	PF01035.23	50	127	4	81	78	26	128	81	0.609	0.963	106
130.2148	PF13091.9	352	470	1	123	123	65	512	133	0.232	0.925	101
130.2180	PF01458.20	64	249	32	218	187	125	276	218	0.674	0.858	99
130.2212	PF12461.11	60	164	151	234	105	62	168	708	0.625	0.119	40
130.2276	PF06723.16	6	329	1	324	324	85	352	327	0.920	0.991	484
130.2276	PF14450.9	155	312	3	136	158	102	352	143	0.449	0.937	50
130.5	PF00587.28	222	399	7	179	178	85	423	179	0.421	0.966	170
130.5	PF02403.25	1	110	1	108	110	72	423	108	0.260	1.000	60
130.37	PF01588.23	46	126	1	78	81	46	159	96	0.509	0.812	59
130.133	PF01025.22	54	207	14	166	154	84	207	166	0.744	0.922	126
130.197	PF04997.15	12	384	7	313	373	180	1250	313	0.298	0.981	268
130.197	PF04998.20	824	1024	1	247	247	122	1250	535	0.161	0.462	167
130.197	PF00623.23	386	527	1	165	165	68	1250	166	0.114	0.994	162
130.197	PF04983.21	531	715	1	157	185	103	1250	157	0.148	1.000	102
130.197	PF05000.20	778	822	49	108	60	23	1250	108	0.036	0.556	55
130.197	PF04998.20	1085	1141	469	525	57	30	1250	535	0.046	0.107	51
130.261	PF00359.25	6	148	2	143	143	80	687	144	0.208	0.986	113
130.261	PF02302.20	167	248	3	79	82	46	687	90	0.119	0.856	59
130.261	PF02378.21	299	565	7	288	282	221	687	324	0.389	0.870	43
130.293	PF00830.22	3	60	1	60	60	26	65	60	0.892	1.000	66
130.325	PF00370.24	9	139	119	244	131	62	140	245	0.936	0.514	125
130.357	PF13472.9	7	205	1	174	199	139	228	179	0.873	0.972	43
130.485	PF02542.19	1	147	1	154	154	75	152	155	0.967	0.994	141
130.517	PF01467.29	4	130	1	145	145	97	140	150	0.907	0.967	44
130.549	PF00237.22	5	108	1	103	104	35	112	103	0.929	1.000	137
130.645	PF20030.2	7	170	2	163	164	87	513	205	0.320	0.790	139
130.645	PF07728.17	40	167	3	139	137	82	513	139	0.250	0.986	83
130.645	PF17868.4	239	294	17	72	56	20	513	72	0.109	0.778	73
130.837	PF04327.15	1	97	1	89	97	52	104	90	0.933	0.989	72
130.869	PF01712.22	3	168	1	167	167	100	202	204	0.822	0.819	116
130.1061	PF00575.26	4	73	4	75	72	47	108	75	0.648	0.960	40
130.1189	PF01261.27	25	272	1	235	248	154	308	250	0.805	0.940	139
130.1477	PF03672.16	13	68	4	59	56	12	71	60	0.789	0.933	93
130.1573	PF02086.18	9	69	1	60	61	36	261	260	0.234	0.231	44
130.1637	PF03412.18	2	110	1	104	109	72	128	133	0.852	0.782	52
130.1765	PF11074.11	439	588	1	126	150	69	675	126	0.222	1.000	124
130.2021	PF08240.15	6	87	21	102	82	42	141	109	0.582	0.752	75
130.2085	PF04011.15	38	152	3	118	116	55	158	150	0.728	0.773	115
130.2149	PF02386.19	220	506	185	485	301	216	530	502	0.542	0.600	98
130.2181	PF00005.30	19	169	1	147	151	102	271	150	0.557	0.980	72
130.2245	PF00702.29	3	113	118	211	111	69	234	211	0.474	0.445	42
130.2245	PF00689.24	186	228	4	46	43	22	234	182	0.184	0.236	41
130.2277	PF01026.24	5	254	1	255	255	106	256	255	0.977	1.000	284
130.6	PF14437.9	60	200	6	138	141	74	200	138	0.705	0.964	114
130.6	PF00383.26	65	149	12	95	85	47	200	101	0.425	0.832	69
130.70	PF00122.23	145	346	5	180	202	121	623	181	0.324	0.972	99
130.134	PF00012.23	4	563	1	588	588	176	593	599	0.944	0.982	805
130.134	PF06723.16	5	210	4	188	206	144	593	327	0.347	0.566	55
130.166	PF03496.17	12	81	109	176	70	30	103	197	0.680	0.345	76
130.198	PF00164.28	40	136	16	114	99	29	140	114	0.693	0.868	140
130.262	PF00294.27	23	274	23	278	256	188	310	302	0.813	0.848	88
130.358	PF01121.23	1	86	1	88	88	60	191	180	0.450	0.489	42
130.390	PF00005.30	417	560	7	150	144	83	635	150	0.227	0.960	108
130.390	PF00664.26	83	292	20	224	210	157	635	274	0.331	0.748	62
130.422	PF10854.11	1	67	1	67	67	0	67	67	1.000	1.000	153
130.486	PF00749.24	4	324	1	314	321	124	482	314	0.666	1.000	377
130.486	PF19269.2	358	476	15	136	122	85	482	142	0.247	0.859	53
130.518	PF17770.4	450	555	1	102	106	60	555	102	0.191	1.000	77
130.550	PF00189.23	123	205	1	83	83	20	252	83	0.329	1.000	130
130.550	PF07650.20	38	112	1	76	76	44	252	78	0.298	0.974	56
130.614	PF01926.26	124	178	1	57	57	23	296	114	0.186	0.500	66
130.614	PF02421.21	124	177	2	57	56	29	296	156	0.182	0.359	49
130.614	PF03193.19	51	177	46	161	127	87	296	167	0.429	0.695	42
130.614	PF12631.10	123	177	95	152	58	34	296	321	0.186	0.181	40
130.742	PF06782.14	41	110	56	124	70	41	149	479	0.470	0.144	52
130.838	PF01016.22	12	91	1	79	80	15	97	79	0.825	1.000	135
130.870	PF00719.22	10	160	2	159	158	58	187	160	0.807	0.988	192
130.934	PF01633.23	153	196	145	190	46	20	262	213	0.168	0.216	49
130.1190	PF00782.23	87	149	72	130	63	37	157	133	0.401	0.444	41
130.1414	PF12461.11	43	464	1	454	454	66	465	708	0.908	0.641	794
130.1478	PF01844.26	56	86	14	44	31	13	89	47	0.348	0.660	38
130.1638	PF06782.14	41	110	56	124	70	40	301	479	0.233	0.144	55
130.1702	PF03129.23	542	627	1	88	88	51	638	94	0.135	0.936	65
130.1702	PF00587.28	326	529	13	178	204	126	638	179	0.320	0.927	63
130.1702	PF02824.24	2	61	1	60	60	37	638	60	0.094	1.000	41
130.1734	PF00383.26	14	125	2	99	112	56	166	101	0.675	0.970	87
130.1734	PF14437.9	40	125	27	103	86	54	166	138	0.518	0.558	39
130.1830	PF02866.21	47	140	65	165	101	67	143	167	0.657	0.605	45
130.1894	PF18541.4	72	130	5	102	98	41	188	181	0.314	0.541	47
130.1926	PF20441.1	82	189	28	130	108	70	326	286	0.331	0.360	55
130.1926	PF03354.18	6	49	134	177	44	22	326	178	0.135	0.247	44
130.2150	PF02254.21	7	124	1	116	118	76	233	116	0.506	1.000	66
130.2246	PF00122.23	1	194	2	180	194	111	410	181	0.473	0.989	124
130.2246	PF13246.9	262	343	2	91	90	45	410	91	0.200	0.989	75
130.2278	PF12631.10	122	446	1	321	325	166	449	321	0.724	1.000	288
130.2278	PF10396.12	5	119	1	117	117	42	449	117	0.256	1.000	147
130.2278	PF01926.26	219	331	2	114	113	65	449	114	0.252	0.991	87
130.2278	PF02421.21	217	273	1	56	57	33	449	156	0.127	0.359	44
130.7	PF13177.9	20	179	1	161	161	79	680	161	0.235	1.000	153
130.7	PF00004.32	41	171	1	125	131	95	680	132	0.193	0.947	42
130.71	PF00689.24	22	196	3	180	178	128	207	182	0.845	0.978	68
130.103	PF10042.12	7	157	6	156	151	104	157	204	0.962	0.740	73
130.135	PF01556.21	133	348	5	210	216	115	378	210	0.571	0.981	171
130.135	PF00226.34	5	66	1	63	63	11	378	63	0.164	1.000	110
130.135	PF00684.22	156	221	1	66	66	25	378	66	0.175	1.000	82
130.199	PF00177.24	2	148	3	149	147	32	155	149	0.948	0.987	236
130.263	PF00665.29	1	109	11	103	109	65	172	103	0.634	0.903	50
130.359	PF04452.17	69	234	1	166	166	79	239	166	0.695	1.000	164
130.391	PF12146.11	28	292	2	238	265	154	311	239	0.852	0.992	151
130.391	PF00561.23	35	141	5	107	107	71	311	258	0.344	0.399	52
130.487	PF01966.25	54	105	1	47	52	25	409	122	0.127	0.385	45
130.519	PF01580.21	660	821	28	242	215	95	1000	243	0.162	0.885	154
130.519	PF17854.4	524	626	1	101	103	49	1000	101	0.103	1.000	101
130.519	PF09397.13	926	984	4	62	59	14	1000	63	0.059	0.937	95
130.551	PF00252.21	4	132	1	132	132	36	137	132	0.942	1.000	192
130.615	PF01351.21	20	186	2	186	185	116	207	199	0.807	0.930	86
130.647	PF08761.14	10	169	5	164	160	89	169	164	0.947	0.976	128
130.807	PF12072.11	6	185	3	199	197	136	502	201	0.359	0.980	63
130.807	PF01966.25	321	410	4	121	118	64	502	122	0.179	0.967	51
130.903	PF04404.15	23	135	14	123	113	81	222	151	0.509	0.728	44
130.935	PF01725.19	4	192	1	187	189	83	369	187	0.512	1.000	202
130.935	PF00588.22	203	345	1	142	143	80	369	142	0.388	1.000	113
130.1127	PF00005.30	29	167	3	148	146	93	325	150	0.428	0.973	79
130.1223	PF01965.27	1	162	1	162	162	99	183	165	0.885	0.982	109
130.1415	PF12461.11	1	244	464	708	245	0	244	708	1.000	0.346	624
130.1575	PF11044.11	1	46	1	46	46	9	49	49	0.939	0.939	78
130.1703	PF00224.24	10	347	1	339	339	140	478	348	0.707	0.974	384
130.1767	PF01709.23	5	235	3	239	237	109	238	239	0.971	0.992	236
130.1927	PF03354.18	67	198	2	136	135	85	205	178	0.644	0.758	80
130.2151	PF02934.18	6	286	1	281	281	99	480	283	0.585	0.993	361
130.2151	PF02637.21	328	474	2	144	147	76	480	148	0.306	0.966	128
130.2247	PF00690.29	2	70	1	69	69	42	120	69	0.575	1.000	48
130.2311	PF04404.15	7	104	26	123	98	69	191	151	0.513	0.649	46
130.72	PF13520.9	15	436	7	397	422	321	521	427	0.810	0.916	69
130.136	PF00581.23	22	100	16	106	91	51	108	107	0.731	0.850	53
130.168	PF17475.5	13	225	1	203	213	146	308	218	0.692	0.931	87
130.168	PF17476.5	264	293	23	52	30	9	308	102	0.097	0.294	45
130.200	PF00009.30	8	280	1	201	273	108	692	201	0.395	1.000	229
130.200	PF03764.21	476	594	1	121	121	41	692	121	0.172	1.000	158
130.200	PF14492.9	401	474	1	74	74	12	692	75	0.107	0.987	130
130.200	PF00679.27	597	676	2	82	81	27	692	89	0.116	0.910	107
130.200	PF03144.28	321	388	1	74	74	42	692	74	0.098	1.000	50
130.520	PF00005.30	38	183	2	150	149	76	288	150	0.507	0.993	134
130.552	PF00831.26	3	58	2	57	56	22	340	57	0.165	0.982	69
130.616	PF02481.18	45	237	7	208	202	151	247	210	0.781	0.962	52
130.648	PF13370.9	13	62	1	56	56	32	81	58	0.617	0.966	35
130.712	PF10854.11	1	67	1	67	67	0	67	67	1.000	1.000	152
130.808	PF00448.25	100	295	1	196	196	65	452	196	0.434	1.000	261
130.808	PF02978.22	326	423	1	99	99	43	452	101	0.217	0.980	109
130.808	PF02881.22	6	83	1	75	78	42	452	75	0.173	1.000	63
130.840	PF00209.21	8	363	6	374	369	288	523	523	0.681	0.706	70
130.1128	PF00291.28	17	130	1	114	114	56	135	294	0.844	0.388	111
130.1192	PF04551.17	7	348	1	352	352	108	368	352	0.929	1.000	482
130.1416	PF12461.11	52	139	134	238	105	61	141	708	0.624	0.148	50
130.1512	PF08282.15	10	257	1	237	248	167	284	255	0.873	0.929	109
130.1608	PF00270.32	25	191	1	176	176	85	246	176	0.679	1.000	160
130.1704	PF00365.23	4	277	1	286	286	108	327	286	0.838	1.000	337
130.1736	PF00849.25	89	242	1	158	158	95	306	160	0.503	0.988	104
130.1768	PF13673.10	25	120	14	108	96	69	141	128	0.681	0.742	38
130.1832	PF12696.10	356	473	1	126	126	62	585	126	0.202	1.000	110
130.1832	PF02534.17	284	489	233	442	210	151	585	469	0.352	0.448	78
130.1832	PF10412.12	357	481	246	376	131	91	585	387	0.214	0.339	52
130.1832	PF02534.17	76	138	57	114	63	36	585	469	0.108	0.124	42
130.1960	PF11044.11	1	46	1	46	46	11	49	49	0.939	0.939	74
130.2056	PF00232.21	6	449	5	441	444	251	468	453	0.949	0.965	332
130.2152	PF01425.24	35	462	15	442	428	269	491	446	0.872	0.960	266
130.2184	PF01230.26	16	109	4	97	94	46	138	98	0.681	0.959	91
130.2184	PF11969.11	5	105	1	100	101	66	138	114	0.732	0.877	56
130.2248	PF03306.16	8	224	1	217	217	85	251	219	0.865	0.991	259
130.9	PF13662.9	12	102	2	89	91	53	130	89	0.700	0.989	64
130.105	PF02572.18	4	57	119	172	54	26	57	172	0.947	0.314	54
130.137	PF01138.24	328	461	1	132	134	75	702	132	0.191	1.000	103
130.137	PF01138.24	14	142	4	132	129	81	702	132	0.184	0.977	83
130.137	PF00575.26	628	686	5	64	60	36	702	75	0.084	0.800	41
130.201	PF00009.30	11	202	2	200	199	88	396	201	0.485	0.990	206
130.201	PF03143.20	300	394	1	107	107	25	396	108	0.240	0.991	161
130.201	PF03144.28	226	296	1	74	74	39	396	74	0.179	1.000	63
130.297	PF03780.16	21	109	23	106	89	59	112	108	0.795	0.778	41
130.329	PF12696.10	447	564	1	126	126	64	583	126	0.202	1.000	107
130.329	PF02534.17	156	578	46	440	423	318	583	469	0.726	0.842	83
130.329	PF10412.12	448	572	246	376	131	92	583	387	0.214	0.339	50
130.489	PF06418.17	5	121	66	183	118	21	301	266	0.389	0.444	201
130.489	PF00117.31	91	296	9	191	206	124	301	191	0.684	0.958	105
130.521	PF00005.30	38	190	1	150	153	87	305	150	0.502	1.000	114
130.553	PF00366.23	11	76	1	66	66	14	85	68	0.776	0.971	108
130.617	PF00156.30	19	158	15	157	143	107	174	158	0.805	0.905	44
130.1129	PF00291.28	1	88	171	258	88	51	95	294	0.926	0.299	67
130.1225	PF05215.16	179	268	2	82	90	56	373	82	0.241	0.988	44
130.1257	PF01029.21	47	126	53	132	80	52	126	134	0.635	0.597	47
130.1321	PF00456.24	2	323	3	327	325	121	654	334	0.492	0.973	398
130.1321	PF02779.27	343	515	1	179	179	104	654	180	0.265	0.994	124
130.1321	PF02780.23	536	643	8	124	117	80	654	124	0.165	0.944	43
130.1353	PF00575.26	4	73	4	75	72	47	108	75	0.648	0.960	40
130.1737	PF01252.21	37	168	5	137	133	88	195	142	0.677	0.937	72
130.1769	PF00814.28	32	81	26	75	50	27	190	271	0.263	0.185	44
130.2057	PF04167.16	59	124	1	72	72	35	180	72	0.367	1.000	64
130.2153	PF02686.18	20	91	1	61	72	39	97	62	0.742	0.984	46
130.2185	PF13353.9	16	150	1	137	137	77	368	137	0.367	1.000	107
130.2185	PF13394.9	22	129	4	118	115	79	368	118	0.293	0.975	45
130.2185	PF00578.24	223	344	1	123	123	91	368	124	0.332	0.992	45
130.2249	PF01116.23	10	295	1	280	286	107	296	280	0.966	1.000	345
130.10	PF02223.20	7	196	2	184	190	99	214	185	0.888	0.989	158
130.74	PF00122.23	177	355	14	180	179	109	910	181	0.197	0.923	102
130.74	PF00689.24	727	841	1	118	118	81	910	182	0.126	0.648	53
130.74	PF00702.29	550	658	118	211	109	65	910	211	0.120	0.445	52
130.74	PF13246.9	420	486	22	91	70	43	910	91	0.074	0.769	44
130.106	PF13683.9	63	122	8	67	60	37	131	67	0.458	0.896	40
130.138	PF02504.18	3	307	2	306	305	182	334	324	0.913	0.941	212
130.490	PF00709.24	10	426	1	415	417	119	433	415	0.963	1.000	597
130.522	PF02361.19	12	243	2	211	232	153	323	218	0.718	0.963	89
130.554	PF00238.22	1	122	1	122	122	26	122	122	1.000	1.000	198
130.618	PF00958.25	420	511	1	92	92	12	512	92	0.180	1.000	168
130.618	PF00117.31	9	189	2	191	190	98	512	191	0.354	0.995	157
130.618	PF03054.19	216	292	1	96	96	55	512	202	0.150	0.475	41
130.650	PF02224.21	5	214	1	209	210	105	222	211	0.946	0.991	195
130.714	PF13936.9	2	51	2	43	50	25	68	44	0.735	0.955	38
130.842	PF00133.25	19	564	3	602	600	265	888	602	0.615	0.997	574
130.842	PF08264.16	616	751	1	145	145	72	888	153	0.153	0.948	126
130.842	PF09334.14	388	570	207	377	183	126	888	391	0.206	0.437	68
130.842	PF13603.9	248	298	88	136	51	23	888	185	0.057	0.265	53
130.842	PF09334.14	46	173	8	116	128	80	888	391	0.144	0.279	49
130.1002	PF13604.9	318	480	1	157	163	100	720	192	0.226	0.818	100
130.1002	PF13245.9	323	454	1	149	149	81	720	151	0.183	0.987	99
130.1002	PF18335.4	558	613	1	57	57	20	720	65	0.078	0.877	74
130.1002	PF13538.9	641	688	2	52	51	21	720	52	0.067	0.981	56
130.1482	PF01555.21	11	59	176	223	49	24	131	231	0.374	0.208	47
130.1514	PF09419.13	19	143	17	157	141	90	198	170	0.631	0.829	58
130.1514	PF13242.9	118	153	15	50	36	16	198	75	0.182	0.480	41
130.1738	PF00133.25	49	628	24	601	580	290	908	602	0.639	0.960	533
130.1738	PF08264.16	671	826	1	153	156	101	908	153	0.172	1.000	87
130.1738	PF09334.14	57	116	8	63	60	30	908	391	0.066	0.143	53
130.1770	PF02367.20	5	135	1	129	131	68	153	129	0.856	1.000	114
130.2026	PF01936.21	12	142	6	147	142	93	257	147	0.510	0.966	61
130.2058	PF01205.22	20	98	4	87	84	55	172	108	0.459	0.778	40
130.2154	PF01653.21	4	314	1	319	319	117	667	319	0.466	1.000	392
130.2154	PF03120.19	318	395	2	79	78	26	667	79	0.117	0.987	106
130.2154	PF12826.10	507	568	1	62	62	19	667	64	0.093	0.969	88
130.2154	PF03119.19	403	428	1	26	26	3	667	27	0.039	0.963	51
130.2154	PF00533.29	593	663	6	79	74	45	667	79	0.106	0.937	46
130.2186	PF07724.17	336	499	1	168	168	85	606	171	0.271	0.982	151
130.2186	PF07728.17	341	459	2	122	121	90	606	139	0.196	0.871	41
130.2250	PF01149.27	1	118	1	119	119	53	277	119	0.426	1.000	127
130.2250	PF06831.17	135	226	1	92	92	46	277	93	0.332	0.989	87
130.2282	PF06782.14	40	102	56	117	63	35	176	479	0.358	0.129	50
130.2314	PF00436.28	1	82	1	89	89	47	84	104	0.976	0.856	68
130.11	PF13177.9	15	158	8	152	145	85	278	161	0.518	0.901	105
130.75	PF00883.24	141	444	1	311	311	117	450	312	0.676	0.997	375
130.139	PF14622.9	29	150	2	120	122	62	249	128	0.490	0.930	108
130.139	PF00636.29	52	142	1	106	106	52	249	106	0.365	1.000	83
130.139	PF00035.29	170	238	1	67	69	39	249	67	0.277	1.000	52
130.267	PF12461.11	5	361	250	622	373	27	361	708	0.989	0.527	724
130.299	PF13684.9	235	547	1	313	313	165	547	313	0.572	1.000	270
130.299	PF02734.20	41	205	1	175	175	91	547	175	0.302	1.000	143
130.331	PF01076.22	12	32	121	141	21	4	69	196	0.304	0.107	38
130.491	PF00206.23	62	282	72	308	237	152	430	312	0.514	0.760	115
130.491	PF10397.12	353	428	4	77	76	49	430	77	0.177	0.961	44
130.523	PF01416.23	144	246	3	107	105	74	246	108	0.419	0.972	44
130.555	PF17136.7	45	101	6	61	57	19	106	65	0.538	0.862	76
130.555	PF16906.8	8	100	44	114	93	48	106	114	0.877	0.623	49
130.555	PF00467.32	8	39	1	32	32	13	106	32	0.302	1.000	39
130.619	PF00860.23	28	282	2	251	255	193	287	389	0.889	0.643	72
130.651	PF14714.9	355	435	1	81	81	20	438	81	0.185	1.000	126
130.651	PF12631.10	175	345	93	242	171	94	438	321	0.390	0.467	108
130.651	PF01926.26	7	122	2	114	116	60	438	114	0.265	0.991	101
130.651	PF01926.26	181	296	4	114	116	62	438	114	0.265	0.974	94
130.651	PF12631.10	7	159	97	240	153	96	438	321	0.349	0.449	83
130.651	PF02421.21	6	161	2	156	156	117	438	156	0.356	0.994	52
130.651	PF02421.21	177	298	1	116	122	86	438	156	0.279	0.744	44
130.651	PF03193.19	115	235	48	162	121	86	438	167	0.276	0.689	42
130.811	PF00696.31	6	216	1	241	241	157	241	241	0.876	1.000	83
130.843	PF01134.25	6	84	2	67	79	35	94	392	0.840	0.168	68
130.971	PF12461.11	390	570	76	234	181	126	575	708	0.315	0.225	42
130.1003	PF20258.1	45	120	1	77	77	34	133	77	0.571	1.000	83
130.1003	PF20259.1	1	36	31	66	36	8	133	66	0.271	0.545	61
130.1131	PF01042.24	8	91	3	86	84	40	104	121	0.808	0.694	85
130.1259	PF00005.30	2	124	8	147	140	84	495	150	0.248	0.933	69
130.1387	PF12461.11	2	229	480	708	229	0	229	708	0.996	0.323	581
130.1771	PF07992.17	2	283	1	286	286	233	328	305	0.860	0.938	43
130.1803	PF03644.16	2	37	69	104	36	11	468	304	0.077	0.118	53
130.1963	PF07261.14	285	349	12	74	65	37	415	74	0.157	0.851	49
130.2251	PF00476.23	498	867	4	377	374	131	869	377	0.426	0.992	476
130.2251	PF02739.19	3	172	1	159	170	70	869	159	0.196	1.000	182
130.2251	PF01367.23	173	254	1	83	83	25	869	97	0.094	0.856	119
130.12	PF05175.17	43	120	34	108	78	50	240	170	0.325	0.441	42
130.76	PF01432.23	349	572	190	445	256	161	598	458	0.375	0.559	105
130.76	PF08439.13	108	174	1	67	67	39	598	70	0.112	0.957	51
130.364	PF01263.23	5	145	30	164	141	100	157	302	0.898	0.447	51
130.428	PF12461.11	43	351	1	331	331	66	352	708	0.878	0.468	534
130.460	PF06782.14	39	100	61	118	62	35	101	479	0.614	0.121	45
130.492	PF01195.22	3	187	1	183	185	77	189	183	0.979	1.000	207
130.556	PF00673.24	85	178	1	94	94	12	180	94	0.522	1.000	173
130.556	PF00281.22	25	81	1	57	57	18	180	57	0.317	1.000	79
130.620	PF00860.23	1	129	258	384	129	76	192	389	0.672	0.326	91
130.652	PF07479.17	186	327	1	142	142	66	336	142	0.423	1.000	146
130.652	PF01210.26	9	163	2	153	155	90	336	157	0.461	0.968	110
130.652	PF20618.1	246	311	1	65	66	39	336	66	0.196	0.985	48
130.716	PF12461.11	1	173	3	172	173	17	188	708	0.920	0.240	326
130.812	PF01765.22	20	180	1	162	162	55	182	162	0.885	1.000	213
130.844	PF01134.25	20	237	183	392	218	97	312	392	0.699	0.536	222
130.876	PF05697.16	1	149	1	140	149	92	431	140	0.346	1.000	84
130.876	PF00254.31	166	232	8	77	70	32	431	94	0.155	0.745	70
130.876	PF05698.17	305	425	38	160	123	87	431	162	0.281	0.759	52
130.1004	PF03054.19	2	176	1	167	175	65	186	202	0.941	0.827	209
130.1100	PF12461.11	54	146	134	238	105	64	148	708	0.628	0.148	53
130.1324	PF01467.29	5	163	1	149	159	96	365	150	0.436	0.993	93
130.1388	PF12461.11	47	272	1	238	238	64	274	708	0.825	0.336	345
130.1676	PF00122.23	26	172	16	150	147	94	191	181	0.770	0.746	68
130.1996	PF13793.9	8	122	3	116	115	29	333	116	0.345	0.983	176
130.1996	PF14572.9	215	287	77	145	73	39	333	184	0.219	0.375	57
130.1996	PF00156.30	169	250	30	116	87	54	333	158	0.246	0.551	51
130.2028	PF01668.21	4	138	1	135	135	37	143	143	0.944	0.944	199
130.2060	PF11044.11	1	40	1	40	40	11	47	49	0.851	0.816	61
130.2156	PF00358.23	11	77	1	75	75	25	80	127	0.837	0.591	94
130.13	PF01171.23	11	202	1	184	192	116	435	184	0.441	1.000	119
130.45	PF00579.28	34	321	8	293	288	174	420	293	0.686	0.976	192
130.109	PF12461.11	50	132	134	238	105	56	134	708	0.619	0.148	53
130.237	PF06782.14	41	110	56	124	70	39	446	479	0.157	0.144	55
130.397	PF01380.25	41	118	1	76	78	51	119	132	0.655	0.576	43
130.429	PF12461.11	1	352	356	708	353	0	352	708	1.000	0.499	862
130.525	PF00665.29	131	246	4	103	116	71	246	103	0.472	0.971	51
130.557	PF00253.24	9	60	1	54	54	14	61	54	0.852	1.000	81
130.589	PF00557.27	11	240	1	209	230	134	247	209	0.931	1.000	137
130.621	PF02463.22	3	963	1	1171	1171	780	988	1171	0.973	1.000	213
130.621	PF06470.16	415	534	1	116	120	62	988	117	0.121	0.991	102
130.621	PF13476.9	6	204	1	199	199	151	988	200	0.201	0.995	63
130.781	PF00588.22	112	251	4	142	140	77	260	142	0.538	0.979	113
130.813	PF01255.22	10	225	1	221	221	90	235	221	0.919	1.000	251
130.845	PF00171.25	20	466	9	460	452	221	472	462	0.947	0.978	425
130.877	PF05362.16	567	767	1	201	201	50	772	205	0.260	0.980	308
130.877	PF00004.32	350	492	1	132	143	81	772	132	0.185	1.000	95
130.877	PF02190.19	10	198	1	204	204	137	772	206	0.245	0.990	79
130.877	PF07728.17	351	484	3	139	137	101	772	139	0.174	0.986	47
130.1101	PF12461.11	1	662	68	708	662	129	662	708	1.000	0.905	1085
130.1229	PF04851.18	153	282	28	172	145	78	836	172	0.156	0.843	102
130.1229	PF00271.34	366	455	19	109	91	54	836	111	0.108	0.820	64
130.1229	PF13091.9	20	84	76	133	65	37	836	133	0.078	0.436	42
130.1261	PF00166.24	15	103	1	93	93	52	105	93	0.848	1.000	70
130.1293	PF00436.28	1	82	1	89	89	47	138	104	0.594	0.856	70
130.1325	PF01048.23	45	219	51	231	181	131	226	234	0.774	0.774	62
130.1517	PF00657.25	63	360	1	240	298	195	373	245	0.799	0.980	53
130.1549	PF10854.11	1	67	1	67	67	0	67	67	1.000	1.000	153
130.1581	PF11044.11	1	46	1	46	46	9	49	49	0.939	0.939	78
130.1773	PF00849.25	23	147	31	159	129	76	202	160	0.619	0.806	88
130.2029	PF00773.22	247	573	1	322	327	147	705	323	0.464	0.997	336
130.2189	PF13087.9	1029	1243	4	196	215	131	1290	199	0.167	0.970	110
130.2189	PF13086.9	467	531	2	75	74	35	1290	261	0.050	0.284	64
130.2189	PF13086.9	960	997	218	256	39	16	1290	261	0.029	0.149	46
130.2189	PF13604.9	467	514	2	50	49	25	1290	192	0.037	0.255	44
130.2253	PF00398.23	15	235	4	225	222	136	282	265	0.784	0.838	145
130.14	PF01434.21	440	617	7	189	183	72	672	191	0.265	0.958	214
130.14	PF00004.32	223	354	1	132	132	52	672	132	0.196	1.000	158
130.14	PF17862.4	377	414	2	39	38	14	672	45	0.057	0.844	48
130.14	PF06068.16	221	256	51	88	38	14	672	351	0.054	0.108	48
130.110	PF06782.14	23	89	53	117	67	42	144	479	0.465	0.136	42
130.174	PF00375.21	128	502	21	391	375	256	532	391	0.705	0.949	179
130.302	PF01182.23	25	230	23	225	206	157	248	226	0.831	0.898	58
130.558	PF00410.22	4	129	1	126	126	31	129	126	0.977	1.000	196
130.654	PF08282.15	7	261	1	255	255	170	270	255	0.944	1.000	136
130.782	PF01926.26	26	145	1	114	120	75	199	114	0.603	1.000	69
130.782	PF12631.10	25	61	95	130	37	14	199	321	0.186	0.112	46
130.782	PF02421.21	27	80	3	56	54	31	199	156	0.271	0.346	42
130.814	PF01148.23	216	345	138	250	130	59	363	265	0.358	0.426	115
130.910	PF18895.3	25	85	10	69	61	38	103	71	0.592	0.845	40
130.1102	PF12461.11	47	104	1	58	58	0	104	708	0.558	0.082	148
130.1262	PF00118.27	22	514	1	483	493	337	537	491	0.918	0.984	224
130.1422	PF11044.11	1	46	1	46	46	11	51	49	0.902	0.939	72
130.1454	PF00817.23	6	83	6	84	79	36	86	151	0.907	0.523	82
130.1742	PF04472.15	30	69	8	47	40	20	100	72	0.400	0.556	38
130.1966	PF17760.4	133	243	2	109	111	51	945	109	0.117	0.991	111
130.1966	PF17755.4	293	404	1	111	112	57	945	111	0.119	1.000	103
130.2158	PF02896.21	264	550	7	293	287	76	584	294	0.491	0.976	427
130.2158	PF05524.16	6	134	1	115	129	67	584	115	0.221	1.000	96
130.2158	PF00391.26	160	233	2	73	74	33	584	73	0.127	0.986	78
130.2190	PF00380.22	13	133	1	121	121	37	133	121	0.910	1.000	170
130.2254	PF13331.9	86	165	1	83	83	51	168	83	0.476	1.000	51
130.15	PF01430.22	2	276	1	266	275	155	287	267	0.958	0.996	201
130.143	PF01418.20	22	70	19	67	49	26	264	77	0.186	0.636	44
130.175	PF07992.17	1	292	1	296	296	201	446	305	0.655	0.970	143
130.175	PF00070.30	150	229	1	79	80	46	446	82	0.179	0.963	59
130.175	PF02852.25	337	406	10	79	70	44	446	110	0.157	0.636	44
130.239	PF00392.24	9	62	9	63	55	32	199	64	0.271	0.859	41
130.527	PF12461.11	51	143	134	238	105	64	145	708	0.641	0.148	52
130.559	PF00347.26	91	164	2	79	78	33	179	80	0.413	0.975	85
130.559	PF00347.26	11	82	1	80	80	47	179	80	0.402	1.000	46
130.591	PF18491.4	1	43	68	109	43	20	43	145	1.000	0.290	44
130.655	PF01676.21	5	510	1	496	506	283	524	499	0.966	0.994	385
130.655	PF06415.16	83	301	1	215	219	80	524	215	0.418	1.000	272
130.815	PF08436.15	145	226	1	84	84	21	382	84	0.215	1.000	128
130.815	PF13288.9	256	373	1	114	118	63	382	115	0.309	0.991	96
130.815	PF02670.19	5	131	1	129	129	77	382	129	0.332	1.000	89
130.847	PF00578.24	25	126	26	121	102	54	155	124	0.658	0.774	81
130.847	PF08534.13	22	99	26	103	78	52	155	147	0.503	0.531	44
130.943	PF00583.28	200	253	61	117	57	33	269	117	0.201	0.487	40
130.943	PF13527.10	202	254	75	125	53	30	269	127	0.197	0.402	40
130.1007	PF12461.11	1	699	12	708	699	35	699	708	1.000	0.984	1394
130.1231	PF08455.13	213	461	11	257	249	189	471	375	0.529	0.659	74
130.1327	PF06782.14	23	89	53	117	67	41	198	479	0.338	0.136	44
130.1487	PF13274.9	40	76	2	38	37	17	119	114	0.311	0.325	40
130.1551	PF12299.11	35	110	1	86	86	48	144	94	0.528	0.915	54
130.1583	PF02086.18	9	69	1	60	61	36	261	260	0.234	0.231	44
130.1615	PF00106.28	6	190	3	189	187	115	257	195	0.720	0.959	121
130.1615	PF13561.9	10	185	1	176	176	126	257	234	0.685	0.752	73
130.1679	PF00005.30	427	473	1	47	47	22	480	150	0.098	0.313	48
130.1679	PF00664.26	86	313	33	226	228	157	480	274	0.475	0.708	45
130.1743	PF00091.28	12	173	1	197	197	95	410	197	0.395	1.000	143
130.1743	PF12327.11	220	314	1	95	95	42	410	95	0.232	1.000	102
130.2031	PF08282.15	12	276	1	255	265	177	283	255	0.936	1.000	124
130.2191	PF00572.21	14	132	1	119	119	35	146	119	0.815	1.000	171
130.2255	PF06723.16	12	151	3	142	140	45	162	327	0.864	0.428	191
130.16	PF00005.30	99	246	1	150	150	82	313	150	0.473	1.000	120
130.48	PF06782.14	23	89	53	117	67	40	312	479	0.215	0.136	46
130.144	PF00359.25	9	151	2	142	143	81	720	144	0.199	0.979	108
130.144	PF02302.20	171	261	3	90	91	53	720	90	0.126	0.978	63
130.304	PF00163.22	3	93	1	93	93	41	204	93	0.446	1.000	98
130.304	PF01479.28	95	141	2	48	47	16	204	48	0.230	0.979	64
130.464	PF00005.30	63	219	1	150	157	81	249	150	0.631	1.000	131
130.496	PF02274.20	38	300	2	276	275	160	311	377	0.846	0.729	185
130.528	PF12461.11	47	775	1	708	729	117	775	708	0.941	1.000	1254
130.560	PF00861.25	13	121	7	116	110	30	121	116	0.901	0.948	163
130.624	PF00005.30	38	194	1	150	157	83	269	150	0.584	1.000	128
130.784	PF00128.27	28	45	1	18	18	1	47	337	0.383	0.053	38
130.816	PF02163.25	14	391	3	316	378	232	448	330	0.844	0.952	134
130.976	PF03054.19	2	211	1	202	210	68	377	202	0.557	1.000	279
130.976	PF20259.1	215	280	1	66	66	16	377	66	0.175	1.000	104
130.976	PF20258.1	289	364	1	77	77	31	377	77	0.202	1.000	91
130.1008	PF12461.11	46	73	212	238	28	6	75	708	0.373	0.038	46
130.1232	PF08455.13	9	120	263	375	113	71	137	375	0.818	0.301	71
130.1264	PF01226.20	23	275	3	236	253	149	287	236	0.882	0.992	153
130.1296	PF04404.15	22	55	90	123	34	13	142	151	0.239	0.225	43
130.1328	PF12461.11	51	148	132	238	107	59	150	708	0.653	0.151	74
130.1488	PF00152.23	118	551	2	321	434	177	577	321	0.752	0.997	345
130.1488	PF02938.17	319	398	12	95	84	47	577	95	0.139	0.884	62
130.1488	PF01336.28	19	85	1	68	68	40	577	76	0.116	0.895	49
130.1584	PF12299.11	35	118	1	94	94	54	144	94	0.583	1.000	56
130.1616	PF00312.25	7	87	1	81	81	30	88	81	0.920	1.000	103
130.1808	PF00005.30	27	63	111	147	37	18	72	150	0.514	0.247	37
130.2000	PF02502.21	3	140	1	139	139	47	143	139	0.965	1.000	183
130.2032	PF08282.15	6	270	1	255	265	169	276	255	0.960	1.000	143
130.2064	PF10854.11	1	67	1	67	67	0	67	67	1.000	1.000	161
130.2160	PF02826.22	119	303	6	178	185	98	334	178	0.554	0.972	145
130.2160	PF00389.33	11	332	6	310	322	219	334	313	0.964	0.974	130
130.2192	PF00464.22	14	377	15	399	385	121	413	399	0.881	0.965	511
130.2256	PF06723.16	2	56	201	255	55	22	59	327	0.932	0.168	66
130.2320	PF01424.25	132	188	3	58	57	34	194	60	0.294	0.933	40
130.17	PF01207.20	29	108	55	132	80	39	108	310	0.741	0.252	77
130.145	PF00155.24	116	246	94	228	135	86	398	363	0.329	0.372	77
130.177	PF01197.21	3	67	2	67	66	19	101	67	0.644	0.985	96
130.241	PF02378.21	80	189	124	234	111	71	392	324	0.281	0.343	66
130.369	PF12461.11	1	352	356	708	353	0	352	708	1.000	0.499	865
130.433	PF00359.25	5	132	2	127	128	69	721	144	0.178	0.875	107
130.433	PF02302.20	171	259	3	89	89	56	721	90	0.123	0.967	55
130.465	PF02800.23	157	312	1	158	158	48	332	158	0.470	1.000	220
130.465	PF00044.27	2	103	1	101	102	30	332	101	0.307	1.000	145
130.497	PF02274.20	23	101	300	377	79	26	104	377	0.760	0.207	108
130.561	PF03719.18	125	195	1	71	71	20	204	71	0.348	1.000	105
130.561	PF00333.23	49	113	1	65	65	17	204	65	0.319	1.000	99
130.625	PF01895.22	16	102	1	87	87	48	219	89	0.397	0.978	72
130.689	PF06782.14	41	110	56	124	70	40	232	479	0.302	0.144	54
130.721	PF10854.11	1	67	1	67	67	0	67	67	1.000	1.000	152
130.817	PF07733.15	822	1094	1	260	273	152	1452	260	0.188	1.000	198
130.817	PF17657.4	1097	1235	1	147	147	86	1452	166	0.096	0.886	96
130.817	PF00929.27	410	568	1	165	165	107	1452	165	0.110	1.000	87
130.817	PF13361.9	410	546	188	320	137	94	1452	501	0.094	0.265	61
130.817	PF02811.22	324	391	2	68	68	37	1452	176	0.047	0.381	57
130.817	PF02811.22	591	685	72	176	105	65	1452	176	0.065	0.597	53
130.977	PF13245.9	323	454	1	149	149	80	720	151	0.183	0.987	101
130.977	PF13604.9	318	480	1	157	163	100	720	192	0.226	0.818	100
130.977	PF18335.4	558	613	1	57	57	20	720	65	0.078	0.877	74
130.977	PF13538.9	641	688	2	52	51	21	720	52	0.067	0.981	56
130.1233	PF00176.26	20	110	48	219	172	71	129	400	0.705	0.430	44
130.1265	PF02601.18	124	416	1	304	304	143	430	305	0.681	0.997	291
130.1265	PF13742.9	6	97	1	91	92	33	430	95	0.214	0.958	116
130.1265	PF01336.28	28	97	1	70	70	43	430	76	0.163	0.921	47
130.1329	PF12461.11	1	320	388	708	321	0	320	708	1.000	0.453	794
130.1489	PF13393.9	8	308	1	309	309	228	418	309	0.720	1.000	98
130.1489	PF03129.23	326	416	1	94	94	62	418	94	0.218	1.000	48
130.1489	PF00587.28	73	127	8	64	57	33	418	179	0.132	0.318	42
130.1553	PF02086.18	9	60	1	51	52	31	66	260	0.788	0.196	36
130.1617	PF01687.20	178	291	5	124	120	64	295	124	0.386	0.968	95
130.1617	PF06574.15	8	156	1	157	157	99	295	158	0.505	0.994	86
130.1745	PF01795.22	2	311	1	308	310	134	313	309	0.990	0.997	337
130.1809	PF00005.30	17	60	1	44	44	18	65	150	0.677	0.293	53
130.1841	PF08282.15	9	275	1	255	267	166	281	255	0.950	1.000	151
130.1969	PF01541.27	4	75	1	73	73	38	100	78	0.720	0.936	65
130.2033	PF02823.19	7	80	3	77	75	37	87	80	0.851	0.938	71
130.2097	PF10854.11	1	67	1	67	67	0	67	67	1.000	1.000	161
130.2321	PF02096.23	152	342	11	162	191	109	425	166	0.449	0.916	78
130.50	PF12461.11	4	348	363	708	346	0	348	708	0.991	0.489	853
130.146	PF01042.24	11	123	4	118	115	43	130	121	0.869	0.950	140
130.242	PF00367.23	84	115	2	33	32	9	164	34	0.195	0.941	49
130.274	PF10854.11	1	67	1	67	67	0	67	67	1.000	1.000	161
130.306	PF02568.17	174	358	1	183	185	78	399	197	0.464	0.929	206
130.306	PF02926.20	87	164	64	144	81	52	399	144	0.195	0.562	44
130.370	PF12461.11	1	147	3	159	157	8	153	708	0.961	0.222	312
130.498	PF02729.24	8	148	1	146	146	57	203	146	0.695	1.000	169
130.498	PF00185.27	156	202	1	47	47	20	203	157	0.232	0.299	53
130.562	PF00828.22	28	143	2	118	117	57	145	118	0.800	0.992	113
130.594	PF00580.24	9	271	1	315	315	153	731	315	0.360	1.000	230
130.594	PF13361.9	276	424	1	150	150	92	731	501	0.204	0.299	98
130.594	PF13361.9	496	613	385	501	118	71	731	501	0.161	0.234	80
130.594	PF13245.9	13	256	1	151	244	118	731	151	0.334	1.000	64
130.594	PF13538.9	552	608	5	51	57	26	731	52	0.078	0.904	47
130.626	PF02878.19	39	182	1	134	144	68	558	138	0.258	0.971	132
130.626	PF02879.19	209	306	3	98	98	51	558	103	0.176	0.932	85
130.626	PF02880.19	319	445	1	114	127	70	558	114	0.228	1.000	84
130.626	PF00408.23	500	530	24	54	31	9	558	74	0.056	0.419	48
130.722	PF12299.11	36	111	1	86	86	44	149	94	0.510	0.915	64
130.818	PF01926.26	8	122	2	114	115	63	297	114	0.387	0.991	92
130.818	PF12631.10	8	166	97	243	159	98	297	321	0.535	0.458	85
130.818	PF07650.20	205	281	1	78	78	45	297	78	0.259	1.000	59
130.882	PF12696.10	457	577	4	125	122	71	681	126	0.178	0.968	89
130.882	PF10412.12	457	538	248	329	82	53	681	387	0.120	0.212	50
130.882	PF02534.17	449	545	299	396	98	68	681	469	0.142	0.209	45
130.1010	PF06782.14	24	89	54	117	66	41	240	479	0.275	0.134	42
130.1202	PF12461.11	56	163	76	182	108	80	170	708	0.635	0.151	38
130.1266	PF02609.19	7	58	1	52	52	26	73	52	0.712	1.000	50
130.1330	PF12461.11	1	281	68	359	292	65	285	708	0.986	0.412	458
130.1458	PF03441.17	148	249	1	106	106	43	252	203	0.405	0.522	120
130.1458	PF00875.21	14	48	122	156	35	13	252	164	0.139	0.213	46
130.1586	PF10854.11	1	67	1	67	67	0	67	67	1.000	1.000	153
130.1618	PF01509.21	24	175	1	149	152	60	303	149	0.502	1.000	178
130.1682	PF01595.23	5	123	24	139	119	72	267	181	0.446	0.641	78
130.1746	PF02381.21	13	83	2	72	71	40	153	72	0.464	0.986	56
130.1746	PF02381.21	89	140	6	57	52	29	153	72	0.340	0.722	42
130.1842	PF12146.11	121	306	1	214	214	147	354	239	0.525	0.895	51
130.1938	PF01844.26	35	86	1	43	52	26	86	47	0.605	0.915	36
130.1970	PF00005.30	70	197	2	150	149	90	242	150	0.529	0.993	67
130.1970	PF12848.10	1	44	43	85	44	23	242	85	0.182	0.506	40
130.2002	PF01649.21	2	81	1	80	80	34	83	82	0.964	0.976	90
130.2034	PF00006.28	131	344	1	216	216	85	465	216	0.460	1.000	256
130.2034	PF02874.26	7	73	1	68	68	33	465	69	0.144	0.986	66
130.2194	PF03167.22	54	193	5	138	140	97	220	155	0.636	0.865	55
130.2258	PF06723.16	19	342	1	324	324	111	352	327	0.920	0.991	422
130.2258	PF14450.9	168	316	3	128	149	96	352	143	0.423	0.881	46
130.2322	PF00825.21	1	92	1	95	95	54	105	110	0.876	0.864	71
130.19	PF00152.23	156	496	1	321	341	169	500	321	0.682	1.000	294
130.19	PF01336.28	63	140	1	76	78	47	500	76	0.156	1.000	53
130.51	PF12461.11	2	67	259	326	68	6	67	708	0.985	0.096	131
130.179	PF01368.23	23	153	7	143	137	94	320	143	0.409	0.958	59
130.211	PF00436.28	1	95	1	104	104	58	138	104	0.688	1.000	70
130.467	PF09334.14	8	370	1	391	391	189	526	391	0.690	1.000	344
130.467	PF00133.25	294	333	550	590	41	13	526	602	0.076	0.068	57
130.467	PF00133.25	21	62	38	83	46	19	526	602	0.080	0.076	49
130.499	PF00185.27	1	94	83	157	94	39	97	157	0.969	0.478	85
130.563	PF00344.23	88	445	1	308	358	167	475	308	0.754	1.000	296
130.595	PF00381.22	3	83	2	82	81	32	87	82	0.931	0.988	98
130.659	PF11044.11	1	46	1	46	46	8	49	49	0.939	0.939	80
130.691	PF12461.11	24	325	1	316	316	77	330	708	0.915	0.446	477
130.787	PF01790.21	104	223	74	172	120	61	627	242	0.191	0.409	80
130.819	PF02565.18	86	189	2	105	104	69	248	157	0.419	0.662	58
130.819	PF11967.11	1	81	1	80	81	52	248	80	0.327	1.000	49
130.1363	PF02660.18	15	170	1	140	156	78	263	163	0.593	0.859	125
130.1427	PF00106.28	10	194	1	187	187	122	267	195	0.693	0.959	103
130.1427	PF13561.9	16	191	1	176	176	129	267	234	0.659	0.752	67
130.1619	PF03309.17	36	169	59	197	139	90	226	207	0.593	0.671	74
130.1747	PF01783.26	2	55	1	54	54	15	58	56	0.931	0.964	82
130.1843	PF00324.24	28	229	32	248	217	161	238	479	0.849	0.453	49
130.1843	PF13520.9	31	229	37	235	199	157	238	427	0.836	0.466	48
130.1939	PF03837.17	29	222	3	187	194	116	273	199	0.711	0.930	123
130.1971	PF00005.30	2	127	56	150	126	69	187	150	0.674	0.633	48
130.2035	PF00231.22	6	282	4	276	277	137	285	277	0.972	0.986	258
130.2131	PF03837.17	1	70	123	188	70	37	140	199	0.500	0.332	56
130.2195	PF01205.22	17	55	1	44	44	20	81	108	0.481	0.407	40
130.2323	PF00468.20	1	44	1	44	44	8	44	44	1.000	1.000	76
130.20	PF03590.18	21	245	3	228	226	169	334	228	0.674	0.991	75
130.52	PF12461.11	15	135	18	138	121	0	169	708	0.716	0.171	286
130.180	PF00265.21	11	190	1	177	180	88	194	177	0.928	1.000	170
130.244	PF13802.9	52	113	1	67	67	38	113	68	0.549	0.985	45
130.308	PF07733.15	262	517	1	260	260	102	1012	260	0.253	1.000	304
130.308	PF17657.4	520	682	1	165	165	56	1012	166	0.161	0.994	216
130.308	PF02811.22	6	96	1	103	103	60	1012	176	0.090	0.585	59
130.308	PF14579.9	757	842	2	89	88	55	1012	92	0.085	0.957	55
130.436	PF04860.15	68	381	7	316	314	229	418	316	0.751	0.981	113
130.468	PF01134.25	5	398	1	392	394	121	626	392	0.629	1.000	544
130.468	PF13932.9	400	614	1	210	215	90	626	210	0.343	1.000	237
130.564	PF00406.25	6	185	1	181	181	67	212	186	0.849	0.973	224
130.564	PF13207.9	7	122	1	118	118	73	212	136	0.547	0.868	74
130.564	PF05191.17	126	161	1	36	36	8	212	36	0.170	1.000	59
130.596	PF00814.28	22	303	1	270	282	128	318	271	0.887	0.996	279
130.628	PF00198.26	82	297	17	232	216	145	297	233	0.727	0.927	113
130.788	PF00665.29	131	246	4	103	116	73	309	103	0.375	0.971	45
130.820	PF03129.23	365	450	1	91	91	46	455	94	0.189	0.968	78
130.916	PF06723.16	9	43	1	35	35	8	43	327	0.814	0.107	57
130.1108	PF10854.11	1	67	1	67	67	0	81	67	0.827	1.000	147
130.1140	PF11044.11	1	40	1	40	40	11	47	49	0.851	0.816	61
130.1172	PF06782.14	41	110	56	124	70	41	446	479	0.157	0.144	52
130.1268	PF13292.9	3	272	1	273	273	138	592	273	0.456	1.000	246
130.1268	PF02779.27	344	461	52	175	124	82	592	180	0.199	0.689	59
130.1268	PF02780.23	475	551	1	76	77	51	592	124	0.130	0.613	43
130.1364	PF00204.28	224	395	1	175	175	75	645	175	0.267	1.000	190
130.1364	PF00986.24	568	628	2	62	61	12	645	63	0.095	0.968	104
130.1364	PF01751.25	425	535	1	105	111	69	645	107	0.172	0.981	64
130.1364	PF02518.29	36	138	2	93	103	63	645	112	0.160	0.821	51
130.1396	PF01728.22	59	240	1	175	182	118	269	177	0.677	0.989	93
130.1428	PF01066.24	1	162	1	134	162	87	228	150	0.711	0.893	94
130.1620	PF04127.18	178	355	1	186	186	104	388	186	0.459	1.000	137
130.1620	PF02441.22	3	172	2	157	170	100	388	157	0.438	0.994	100
130.1972	PF00121.21	4	245	1	243	243	94	245	245	0.988	0.992	291
130.2004	PF06144.16	3	176	2	172	174	120	321	174	0.542	0.983	80
130.2036	PF00006.28	149	364	1	216	216	80	523	216	0.413	1.000	268
130.2036	PF00306.30	371	493	1	123	123	41	523	126	0.235	0.976	164
130.2036	PF02874.26	29	92	6	69	64	34	523	69	0.122	0.928	56
130.2132	PF03837.17	1	63	26	74	63	26	63	199	1.000	0.246	54
130.2228	PF02390.20	39	203	1	167	167	92	213	173	0.775	0.965	133
130.2260	PF11044.11	1	40	1	40	40	11	59	49	0.678	0.816	61
130.2324	PF00478.28	7	470	2	463	464	108	483	463	0.961	0.998	724
130.2324	PF00571.31	96	139	8	51	44	18	483	57	0.091	0.772	52
130.2324	PF01070.21	329	360	269	300	32	11	483	348	0.066	0.092	43
130.2324	PF00571.31	149	200	1	51	52	29	483	57	0.108	0.895	41
130.21	PF01128.22	6	221	3	212	216	151	228	221	0.947	0.950	89
130.213	PF04404.15	23	135	14	123	113	80	222	151	0.509	0.728	46
130.245	PF01055.29	1	108	8	111	108	62	112	444	0.964	0.234	76
130.309	PF03932.17	1	150	1	149	150	85	217	202	0.691	0.738	114
130.469	PF01406.22	18	311	8	297	294	135	445	302	0.661	0.960	297
130.469	PF09334.14	259	297	318	356	39	18	445	391	0.088	0.100	42
130.501	PF03606.18	2	316	110	395	315	212	328	461	0.960	0.620	110
130.533	PF10854.11	1	67	1	67	67	0	67	67	1.000	1.000	161
130.565	PF01176.22	8	70	2	64	63	19	72	64	0.875	0.984	91
130.661	PF02086.18	9	66	1	57	58	33	66	260	0.879	0.219	44
130.821	PF08275.14	125	252	1	128	128	55	626	128	0.204	1.000	141
130.821	PF01807.23	9	97	6	94	89	28	626	98	0.142	0.908	124
130.821	PF13155.9	262	345	1	87	87	49	626	89	0.134	0.978	66
130.821	PF13662.9	261	335	3	88	86	47	626	89	0.120	0.966	56
130.917	PF06723.16	1	278	49	327	279	99	289	327	0.962	0.853	355
130.1269	PF00557.27	147	350	1	209	209	90	366	209	0.557	1.000	223
130.1269	PF01321.21	15	140	4	130	127	91	366	130	0.344	0.977	53
130.1429	PF02464.20	1	153	4	155	153	85	164	155	0.933	0.981	121
130.1493	PF12461.11	43	143	1	101	101	0	151	708	0.669	0.143	232
130.1557	PF02540.20	8	234	1	242	242	122	250	242	0.908	1.000	202
130.1685	PF00455.25	57	215	1	160	160	93	229	160	0.694	1.000	117
130.1749	PF17759.4	484	688	6	215	210	136	797	215	0.257	0.977	114
130.1749	PF03484.18	418	476	8	67	60	27	797	67	0.074	0.896	65
130.1749	PF03147.17	706	791	1	87	87	55	797	94	0.108	0.926	55
130.1749	PF03483.20	232	387	12	170	159	121	797	174	0.196	0.914	45
130.1749	PF01588.23	45	125	1	78	81	52	797	96	0.102	0.812	44
130.1813	PF13087.9	240	410	4	199	196	123	589	199	0.290	0.985	80
130.1813	PF13086.9	148	200	201	254	54	30	589	261	0.090	0.207	43
130.1813	PF10881.11	519	584	58	123	66	42	589	126	0.112	0.524	42
130.1973	PF00581.23	14	101	1	103	103	60	118	107	0.746	0.963	53
130.2005	PF00753.30	17	166	16	189	174	120	194	197	0.773	0.883	38
130.2037	PF00213.21	11	174	5	169	165	102	181	172	0.906	0.959	107
130.2101	PF12461.11	24	278	1	267	267	63	292	708	0.873	0.377	409
130.2165	PF00687.24	31	220	2	204	203	92	228	204	0.833	0.995	197
130.22	PF01250.20	3	89	1	89	89	45	149	90	0.584	0.989	79
130.182	PF03462.21	12	206	1	192	195	70	358	192	0.545	1.000	246
130.182	PF00472.23	213	323	1	116	116	38	358	116	0.310	1.000	154
130.278	PF11044.11	1	40	1	40	40	11	50	49	0.800	0.816	61
130.310	PF01515.22	19	316	16	319	304	146	325	319	0.917	0.953	290
130.438	PF05065.16	230	491	4	267	264	197	505	280	0.519	0.943	88
130.566	PF00416.25	3	108	1	128	128	53	121	128	0.876	1.000	120
130.598	PF01418.20	18	69	15	66	52	32	100	77	0.520	0.675	36
130.630	PF07992.17	1	307	1	305	307	184	452	305	0.679	1.000	209
130.630	PF00070.30	151	228	1	77	78	44	452	82	0.173	0.939	62
130.630	PF02852.25	334	419	7	92	86	57	452	110	0.190	0.782	48
130.726	PF01327.24	11	184	3	159	174	99	193	159	0.902	0.987	109
130.822	PF04539.19	230	309	1	78	80	37	445	78	0.180	1.000	80
130.822	PF04542.17	151	221	1	71	71	31	445	71	0.160	1.000	79
130.918	PF12002.11	244	408	1	165	165	58	414	167	0.399	0.988	213
130.918	PF16193.8	168	243	2	82	81	43	414	82	0.184	0.988	64
130.918	PF00004.32	43	146	1	127	127	76	414	132	0.251	0.962	48
130.1366	PF00521.23	33	459	1	420	427	161	1140	426	0.375	0.986	514
130.1494	PF12461.11	9	38	205	238	34	10	40	708	0.750	0.048	48
130.1558	PF01018.25	4	158	1	155	155	45	434	155	0.357	1.000	222
130.1558	PF01926.26	161	285	1	114	125	68	434	114	0.288	1.000	88
130.1558	PF09269.14	370	432	6	68	63	30	434	68	0.145	0.926	65
130.1686	PF08459.14	372	523	1	161	161	76	593	161	0.256	1.000	152
130.1750	PF01409.23	92	341	1	246	250	96	345	246	0.725	1.000	299
130.1750	PF02912.21	21	82	2	63	62	34	345	69	0.180	0.899	53
130.1814	PF13086.9	36	68	1	34	34	13	161	261	0.205	0.130	43
130.1878	PF01555.21	25	209	1	209	209	145	210	231	0.881	0.905	54
130.1974	PF13520.9	11	286	1	278	278	216	472	427	0.585	0.651	71
130.2070	PF12461.11	47	179	1	133	133	0	180	708	0.739	0.188	311
130.2102	PF12461.11	6	106	299	402	104	38	118	708	0.856	0.147	130
130.2166	PF00298.22	66	134	1	70	70	29	144	70	0.479	1.000	79
130.2166	PF03946.17	9	61	2	58	57	20	144	58	0.368	0.983	72
130.23	PF00436.28	2	97	1	104	104	50	146	104	0.658	1.000	94
130.183	PF05175.17	109	195	21	107	87	53	286	170	0.304	0.512	61
130.183	PF13847.9	116	247	2	111	132	82	286	152	0.462	0.724	48
130.311	PF00871.20	2	386	2	390	389	154	396	392	0.972	0.992	453
130.471	PF01134.25	2	182	173	348	181	108	182	392	0.995	0.449	121
130.503	PF00696.31	3	283	2	233	281	184	310	241	0.906	0.963	64
130.567	PF00411.22	19	128	1	110	110	26	129	110	0.853	1.000	173
130.599	PF01380.25	20	118	1	99	99	70	177	132	0.559	0.750	46
130.631	PF10437.12	240	326	1	85	87	38	328	85	0.265	1.000	93
130.631	PF03099.22	45	153	9	133	125	83	328	133	0.332	0.940	41
130.727	PF03602.18	1	172	1	173	173	104	187	182	0.920	0.951	119
130.791	PF12461.11	1	320	388	708	321	0	320	708	1.000	0.453	788
130.823	PF12847.10	4	151	1	151	151	70	220	151	0.673	1.000	152
130.823	PF04816.15	23	185	3	170	168	97	220	205	0.741	0.820	119
130.1335	PF10854.11	1	67	1	67	67	0	67	67	1.000	1.000	151
130.1367	PF00005.30	4	111	23	147	125	77	223	150	0.484	0.833	54
130.1431	PF00154.24	1	54	152	205	54	6	64	262	0.844	0.206	103
130.1495	PF12461.11	5	484	145	638	494	23	499	708	0.962	0.698	990
130.1559	PF01715.20	38	277	1	242	242	130	310	242	0.774	1.000	201
130.1687	PF00453.21	3	109	1	107	107	20	119	107	0.899	1.000	182
130.1943	PF01555.21	28	235	1	231	231	154	246	231	0.846	1.000	83
130.1975	PF14527.9	123	215	1	92	93	44	311	93	0.299	0.989	94
130.1975	PF02650.17	219	304	1	82	86	37	311	84	0.277	0.976	91
130.1975	PF10298.12	18	102	1	85	85	48	311	86	0.273	0.988	67
130.2039	PF00137.24	33	95	1	60	63	35	100	60	0.630	1.000	47
130.2103	PF12461.11	3	195	408	560	193	29	201	708	0.960	0.216	322
130.24	PF01084.23	18	69	1	52	52	10	74	52	0.703	1.000	88
130.152	PF04973.15	98	294	8	174	197	122	304	176	0.648	0.949	76
130.248	PF01055.29	7	73	280	347	68	28	78	444	0.859	0.153	79
130.280	PF00005.30	20	91	1	83	83	46	99	150	0.727	0.553	50
130.376	PF10854.11	1	67	1	67	67	0	67	67	1.000	1.000	151
130.568	PF01193.27	26	226	1	200	201	121	317	200	0.634	1.000	136
130.568	PF01000.29	62	153	16	106	92	46	317	112	0.290	0.812	86
130.568	PF03118.18	243	309	1	67	67	25	317	67	0.211	1.000	85
130.600	PF01048.23	16	171	3	166	164	109	190	234	0.821	0.701	76
130.632	PF00676.23	41	325	1	293	293	164	367	300	0.777	0.977	218
130.728	PF00625.24	8	186	5	182	179	102	191	182	0.937	0.978	135
130.792	PF12461.11	5	123	250	376	127	10	144	708	0.826	0.179	246
130.824	PF01784.21	10	231	6	243	238	136	247	246	0.899	0.967	157
130.920	PF00122.23	107	289	1	180	183	112	612	181	0.299	0.994	119
130.920	PF00702.29	306	516	1	211	211	162	612	211	0.345	1.000	61
130.984	PF02086.18	9	240	1	259	259	185	261	260	0.889	0.996	57
130.1048	PF10854.11	1	67	1	67	67	0	67	67	1.000	1.000	151
130.1176	PF00324.24	3	51	200	248	49	27	229	479	0.214	0.102	42
130.1240	PF05496.15	7	158	2	153	152	81	301	159	0.505	0.956	130
130.1240	PF05491.16	247	299	8	60	53	23	301	72	0.176	0.736	60
130.1240	PF00004.32	41	164	1	130	130	90	301	132	0.412	0.985	53
130.1272	PF00665.29	2	76	4	76	75	47	76	103	0.987	0.709	46
130.1432	PF00154.24	2	24	240	262	23	3	89	262	0.258	0.088	45
130.1496	PF12461.11	15	133	18	136	119	0	138	708	0.862	0.168	274
130.1592	PF12461.11	24	722	1	708	708	18	722	708	0.968	1.000	1455
130.1624	PF01268.22	28	158	420	552	133	73	161	556	0.814	0.239	106
130.1688	PF01632.22	2	62	1	61	61	24	64	61	0.953	1.000	74
130.1752	PF01256.20	1	165	75	240	166	92	165	244	1.000	0.680	131
130.1944	PF00528.25	296	436	2	136	141	98	457	185	0.309	0.730	57
130.1976	PF07517.17	4	374	8	379	372	98	796	380	0.466	0.979	554
130.1976	PF07516.16	559	768	2	198	210	114	796	199	0.264	0.990	156
130.1976	PF01043.23	227	330	6	110	105	36	796	111	0.131	0.946	138
130.2040	PF00119.23	62	241	24	213	190	116	272	214	0.662	0.888	113
130.2072	PF00665.29	131	246	4	103	116	72	309	103	0.375	0.971	48
130.57	PF10854.11	1	67	1	67	67	0	67	67	1.000	1.000	151
130.121	PF03320.16	8	98	7	97	91	45	98	308	0.929	0.295	89
130.185	PF01300.21	20	165	7	160	154	101	179	179	0.816	0.860	74
130.249	PF01055.29	1	47	365	411	47	17	85	444	0.553	0.106	62
130.473	PF00588.22	95	237	1	142	143	59	244	142	0.586	1.000	162
130.473	PF08032.15	6	80	1	76	76	48	244	76	0.307	1.000	47
130.505	PF01262.24	22	128	14	120	107	50	169	214	0.633	0.500	109
130.569	PF01196.22	17	119	1	97	103	31	119	97	0.866	1.000	141
130.633	PF02779.27	4	178	3	178	176	97	329	180	0.532	0.978	141
130.633	PF02780.23	194	317	1	124	124	57	329	124	0.377	1.000	129
130.729	PF01189.20	240	419	3	200	198	101	423	200	0.426	0.990	154
130.729	PF01029.21	1	122	1	132	132	77	423	134	0.288	0.985	81
130.825	PF02401.21	8	291	6	265	284	149	293	265	0.969	0.981	215
130.1369	PF00471.23	3	49	1	47	47	12	49	47	0.959	1.000	72
130.1401	PF02525.20	4	197	2	199	198	136	200	199	0.970	0.995	91
130.1401	PF03358.18	4	103	2	98	100	70	200	156	0.500	0.622	40
130.1529	PF00005.30	8	95	59	150	92	60	181	150	0.486	0.613	46
130.1625	PF01268.22	1	338	12	355	344	123	339	556	0.997	0.619	431
130.1689	PF00707.25	91	175	2	86	85	28	176	86	0.483	0.988	115
130.1689	PF05198.19	14	83	1	70	70	24	176	70	0.398	1.000	94
130.1753	PF03853.18	28	187	4	165	162	109	203	171	0.788	0.947	81
130.1945	PF12849.10	30	208	12	189	179	141	298	282	0.601	0.631	42
130.1977	PF00162.22	7	401	1	382	395	140	412	382	0.959	1.000	492
130.2009	PF00528.25	140	208	66	134	69	45	862	185	0.080	0.373	42
130.2073	PF00198.26	760	989	2	231	230	123	992	233	0.232	0.987	195
130.2233	PF13320.9	501	562	1	61	62	30	634	65	0.098	0.938	62
130.2265	PF10854.11	1	67	1	67	67	0	67	67	1.000	1.000	149
130.122	PF03320.16	9	158	154	293	150	87	186	308	0.806	0.455	97
130.282	PF01380.25	59	141	5	88	84	56	220	132	0.377	0.636	46
130.378	PF12299.11	36	119	1	94	94	49	149	94	0.564	1.000	69
130.506	PF01262.24	2	63	151	213	63	29	81	214	0.765	0.294	64
130.538	PF01281.22	2	48	1	47	47	15	150	47	0.313	1.000	65
130.538	PF03948.17	67	146	4	86	83	45	150	87	0.533	0.954	65
130.602	PF00152.23	131	450	20	321	320	187	455	321	0.703	0.941	207
130.634	PF00198.26	196	427	2	233	232	88	427	233	0.543	0.996	283
130.634	PF00364.25	4	75	3	73	72	39	427	73	0.169	0.973	60
130.634	PF02817.20	135	168	1	34	34	10	427	36	0.080	0.944	51
130.698	PF10854.11	1	67	1	67	67	0	67	67	1.000	1.000	154
130.730	PF05746.18	439	557	2	119	119	69	557	119	0.214	0.992	89
130.730	PF03485.19	26	88	25	85	63	27	557	85	0.113	0.718	70
130.730	PF00750.22	131	400	36	297	270	210	557	349	0.485	0.751	57
130.1146	PF09285.14	129	184	1	56	56	15	185	56	0.303	1.000	85
130.1146	PF08207.15	3	60	1	58	58	19	185	58	0.314	1.000	79
130.1146	PF01132.23	69	121	2	54	53	18	185	54	0.286	0.981	71
130.1178	PF00485.21	14	189	4	188	185	122	213	196	0.826	0.944	88
130.1402	PF00575.26	11	73	11	75	65	41	106	75	0.594	0.867	39
130.1434	PF12461.11	1	320	388	708	321	0	320	708	1.000	0.453	805
130.1530	PF00005.30	21	57	3	39	37	13	75	150	0.493	0.247	50
130.1626	PF02882.22	125	280	1	157	157	45	286	161	0.545	0.975	225
130.1626	PF00763.26	7	122	1	114	116	56	286	114	0.406	1.000	111
130.1690	PF00156.30	52	145	17	118	102	69	201	158	0.468	0.646	40
130.1754	PF01863.20	24	225	1	205	205	126	229	207	0.882	0.990	130
130.1818	PF00005.30	19	158	1	150	150	89	244	150	0.574	1.000	91
130.1946	PF00665.29	188	303	4	103	116	72	366	103	0.317	0.971	48
130.1978	PF07992.17	9	289	1	294	294	206	313	305	0.898	0.964	109
130.1978	PF13738.9	86	281	104	305	202	155	313	305	0.626	0.662	49
130.1978	PF00070.30	151	225	2	80	79	50	313	82	0.240	0.963	45
130.2010	PF00528.25	196	243	66	113	48	25	323	185	0.149	0.259	44
130.2042	PF14681.9	5	206	1	207	207	88	207	207	0.976	1.000	226
130.2106	PF00665.29	1	109	11	103	109	67	172	103	0.634	0.903	45
130.59	PF02086.18	9	68	1	59	60	34	252	260	0.238	0.227	47
130.123	PF00248.24	7	186	1	197	197	120	207	293	0.870	0.672	106
130.283	PF01418.20	12	64	14	66	53	33	64	77	0.828	0.688	34
130.315	PF02646.19	154	362	56	267	212	138	387	292	0.540	0.726	117
130.347	PF01266.27	8	132	1	124	125	85	156	353	0.801	0.351	63
130.475	PF00471.23	7	53	1	47	47	9	53	47	0.887	1.000	79
130.539	PF03796.18	188	450	3	254	263	75	458	254	0.574	0.992	372
130.539	PF00772.24	17	111	7	101	95	53	458	103	0.207	0.922	76
130.635	PF07992.17	5	322	1	305	318	179	460	305	0.691	1.000	230
130.635	PF02852.25	341	450	1	110	110	42	460	110	0.239	1.000	134
130.635	PF00070.30	176	243	1	68	68	36	460	82	0.148	0.829	61
130.635	PF00890.27	6	38	1	33	33	12	460	417	0.072	0.079	44
130.635	PF13738.9	131	306	123	305	183	140	460	305	0.383	0.600	42
130.635	PF12831.10	6	35	1	30	30	10	460	427	0.065	0.070	42
130.1179	PF03449.18	5	74	1	70	70	23	156	71	0.449	0.986	95
130.1179	PF01272.22	84	156	4	76	73	34	156	77	0.468	0.948	74
130.1371	PF00122.23	122	317	1	181	196	106	940	181	0.209	1.000	142
130.1371	PF13246.9	384	465	2	91	90	44	940	91	0.087	0.989	78
130.1371	PF00690.29	16	72	13	69	57	25	940	69	0.061	0.826	62
130.1371	PF00702.29	523	638	113	211	116	69	940	211	0.123	0.469	54
130.1435	PF12461.11	43	396	1	386	386	68	396	708	0.894	0.545	640
130.1563	PF12461.11	2	220	489	708	220	0	220	708	0.995	0.311	558
130.1627	PF02033.21	20	122	1	105	105	57	126	105	0.817	1.000	86
130.1691	PF00215.27	9	221	8	224	217	149	228	225	0.934	0.964	99
130.1947	PF12461.11	130	158	211	238	29	4	160	708	0.181	0.040	55
130.1979	PF01790.21	17	242	12	191	226	125	401	242	0.564	0.744	107
130.2011	PF00005.30	21	162	1	148	148	66	350	150	0.406	0.987	151
130.2203	PF03837.17	1	63	26	74	63	27	63	199	1.000	0.246	52
130.156	PF08282.15	9	97	167	255	89	43	97	255	0.918	0.349	87
130.156	PF05116.16	26	77	162	213	52	31	97	247	0.536	0.211	38
130.316	PF00248.24	19	111	2	109	108	55	111	293	0.838	0.369	78
130.348	PF00230.23	14	235	14	216	222	157	249	227	0.892	0.894	61
130.1020	PF01048.23	14	185	1	181	181	119	236	234	0.729	0.774	85
130.1244	PF04607.20	240	350	1	116	116	39	749	117	0.148	0.991	151
130.1244	PF13328.9	30	179	1	156	156	82	749	157	0.200	0.994	128
130.1244	PF02824.24	409	468	1	60	60	20	749	60	0.080	1.000	82
130.1244	PF01966.25	49	147	1	121	121	72	749	122	0.132	0.992	48
130.1244	PF13291.9	667	746	1	80	80	53	749	80	0.107	1.000	45
130.1468	PF04404.15	23	135	14	123	113	79	179	151	0.631	0.728	48
130.1564	PF12461.11	24	483	1	468	468	60	483	708	0.952	0.661	847
130.1692	PF01180.24	1	283	1	293	293	172	305	295	0.928	0.993	197
130.1692	PF00977.24	220	277	58	115	58	35	305	228	0.190	0.254	40
130.1948	PF12461.11	1	320	388	708	321	0	320	708	1.000	0.453	784
130.1980	PF07475.15	131	301	1	170	171	79	307	171	0.557	0.994	175
130.1980	PF02603.19	6	128	3	124	123	68	307	125	0.401	0.976	99
130.2012	PF01381.25	7	61	1	55	55	30	177	55	0.311	1.000	46
130.2012	PF07883.14	103	171	2	70	69	44	177	71	0.390	0.972	44
130.2012	PF12844.10	4	55	1	53	53	31	177	65	0.294	0.815	39
130.2204	PF03837.17	9	114	87	188	106	64	153	199	0.693	0.513	69
130.61	PF11044.11	1	46	1	46	46	10	49	49	0.939	0.939	76
130.157	PF00085.23	10	103	8	103	96	47	103	103	0.913	0.932	91
130.157	PF13905.9	20	77	2	86	85	41	103	94	0.563	0.904	38
130.157	PF13098.9	17	99	3	108	106	62	103	110	0.806	0.964	36
130.285	PF02378.21	20	93	10	91	82	51	122	324	0.607	0.253	41
130.477	PF02357.22	31	138	1	107	108	44	217	107	0.498	1.000	124
130.509	PF08282.15	5	263	1	255	259	172	269	255	0.963	1.000	133
130.541	PF02590.20	1	155	1	154	155	82	156	154	0.994	1.000	134
130.829	PF00270.32	28	192	3	174	172	91	460	176	0.359	0.977	140
130.829	PF00271.34	245	337	19	111	93	50	460	111	0.202	0.838	80
130.861	PF00303.22	3	289	2	270	287	75	289	270	0.993	0.996	419
130.1021	PF01712.22	3	185	1	185	185	127	207	204	0.884	0.907	87
130.1053	PF12461.11	43	185	1	143	143	0	189	708	0.757	0.202	321
130.1405	PF11044.11	1	46	1	46	46	11	51	49	0.902	0.939	72
130.1629	PF00561.23	128	238	1	110	111	77	356	258	0.312	0.426	51
130.1693	PF10418.12	219	249	1	35	35	12	254	42	0.122	0.833	43
130.1949	PF12461.11	43	194	211	372	162	52	195	708	0.779	0.229	212
130.1981	PF17757.4	156	246	1	91	91	47	654	91	0.139	1.000	84
130.1981	PF12344.11	549	591	1	43	43	10	654	43	0.066	1.000	70
130.1981	PF00271.34	441	541	14	109	101	58	654	111	0.154	0.865	70
130.1981	PF04851.18	14	79	8	79	72	43	654	172	0.101	0.419	42
130.2013	PF08282.15	6	267	1	255	262	161	273	255	0.960	1.000	162
130.2013	PF05116.16	191	243	157	209	53	30	273	247	0.194	0.215	42
130.2045	PF19200.3	3	244	1	235	242	135	369	235	0.656	1.000	183
130.2045	PF05913.14	250	366	1	118	118	61	369	119	0.317	0.992	106
130.30	PF00550.28	18	69	16	67	52	27	74	67	0.703	0.776	47
130.190	PF00005.30	25	174	2	150	150	87	521	150	0.288	0.993	111
130.190	PF00005.30	280	431	1	143	152	106	521	150	0.292	0.953	54
130.286	PF02378.21	74	339	114	316	266	149	550	324	0.484	0.627	99
130.286	PF00367.23	461	494	1	34	34	9	550	34	0.062	1.000	52
130.478	PF02245.19	2	179	5	183	179	78	184	183	0.967	0.978	194
130.862	PF00186.22	1	107	1	104	107	41	114	160	0.939	0.650	128
130.1022	PF00456.24	12	154	46	188	143	36	199	334	0.719	0.428	218
130.1054	PF12461.11	5	185	213	402	190	65	201	708	0.900	0.268	241
130.1086	PF11044.11	1	40	1	40	40	8	40	49	1.000	0.816	67
130.1246	PF01411.22	9	565	2	551	557	247	918	552	0.607	0.996	584
130.1246	PF07973.17	664	706	1	43	43	20	918	44	0.047	0.977	45
130.1502	PF10854.11	1	67	1	67	67	0	67	67	1.000	1.000	157
130.1534	PF06782.14	27	96	56	124	70	40	201	479	0.348	0.144	53
130.1630	PF00383.26	4	93	7	89	90	56	131	101	0.687	0.822	47
130.1726	PF00889.22	71	277	2	208	207	90	296	208	0.699	0.995	225
130.1854	PF12461.11	1	86	68	158	91	12	90	708	0.956	0.129	166
130.1950	PF12461.11	49	160	1	112	112	0	160	708	0.700	0.158	271
130.2014	PF02773.19	230	369	1	138	140	13	383	138	0.366	1.000	266
130.2014	PF00438.23	7	103	3	99	97	10	383	99	0.253	0.980	183
130.2014	PF02772.19	113	228	3	120	118	43	383	120	0.303	0.983	146
130.2046	PF02255.19	8	100	1	93	93	42	110	94	0.845	0.989	100
130.2206	PF01555.21	25	230	1	230	230	151	242	231	0.851	0.996	85
130.31	PF01475.22	14	94	1	84	84	52	150	121	0.540	0.694	51
130.95	PF12461.11	233	269	211	246	37	16	308	708	0.120	0.051	41
130.191	PF02653.19	88	306	18	223	219	155	719	270	0.305	0.763	73
130.255	PF02576.20	39	87	26	73	49	27	160	73	0.306	0.658	40
130.287	PF04055.24	104	278	1	167	175	124	345	167	0.507	1.000	63
130.479	PF13392.9	60	103	1	44	44	17	192	46	0.229	0.957	54
130.543	PF00338.25	7	102	1	98	98	40	102	98	0.941	1.000	113
130.799	PF10854.11	1	67	1	67	67	0	81	67	0.827	1.000	151
130.831	PF00005.30	32	173	2	150	149	84	326	150	0.436	0.993	106
130.863	PF01553.24	58	187	1	134	134	82	263	135	0.494	0.993	85
130.895	PF03837.17	2	132	62	188	131	76	161	199	0.814	0.638	93
130.1023	PF02779.27	5	78	105	178	74	38	156	180	0.474	0.411	69
130.1055	PF12461.11	3	216	408	583	214	26	244	708	0.877	0.249	380
130.1247	PF03652.18	5	138	3	135	134	68	139	135	0.964	0.985	121
130.1375	PF06782.14	41	110	56	124	70	40	168	479	0.417	0.144	54
130.1631	PF01219.22	21	126	2	101	106	53	142	102	0.746	0.980	93
130.1727	PF00318.23	10	220	1	210	211	52	365	215	0.578	0.977	325
130.2047	PF00480.23	3	305	1	287	303	213	317	294	0.956	0.976	106
130.2111	PF01380.25	60	155	6	102	97	69	214	132	0.449	0.735	40
130.2239	PF00542.22	56	121	2	67	66	28	121	67	0.545	0.985	75
130.2239	PF16320.8	4	50	1	47	47	24	121	48	0.388	0.979	44
130.2271	PF12461.11	47	675	1	608	629	138	675	708	0.932	0.859	990
130.32	PF02645.19	4	178	1	175	175	114	285	280	0.614	0.625	100
130.160	PF00881.27	10	59	4	52	50	28	215	168	0.233	0.292	39
130.192	PF02653.19	10	261	4	254	252	185	304	270	0.829	0.930	92
130.256	PF08529.14	7	127	2	120	121	67	471	120	0.257	0.992	96
130.256	PF13184.9	232	298	1	67	67	22	471	69	0.142	0.971	92
130.320	PF00579.28	1	292	1	293	293	180	342	293	0.854	1.000	190
130.480	PF00857.23	10	152	5	140	143	91	191	175	0.749	0.777	76
130.544	PF00297.25	96	203	209	345	137	78	258	369	0.419	0.371	57
130.608	PF00886.22	8	64	1	62	62	20	119	62	0.479	1.000	81
130.864	PF00591.24	79	262	5	205	201	125	436	253	0.422	0.794	101
130.864	PF02885.20	5	66	2	63	62	23	436	63	0.142	0.984	78
130.864	PF07831.16	348	404	1	57	57	19	436	75	0.131	0.760	77
130.1056	PF12461.11	1	113	596	708	113	0	113	708	1.000	0.160	295
130.1440	PF10854.11	1	67	1	67	67	0	67	67	1.000	1.000	151
130.1632	PF02130.20	38	150	26	131	113	40	158	131	0.715	0.809	139
130.1760	PF06421.15	491	597	1	107	107	10	600	107	0.178	1.000	206
130.1760	PF00009.30	4	183	1	200	200	88	600	201	0.300	0.995	192
130.1760	PF00679.27	401	490	1	89	90	42	600	89	0.150	1.000	92
130.1760	PF14492.9	296	365	4	70	70	43	600	75	0.117	0.893	44
130.1760	PF12631.10	73	180	142	244	108	75	600	321	0.180	0.321	43
130.1824	PF07510.14	116	213	3	104	102	65	213	139	0.460	0.734	55
130.2016	PF13277.9	4	254	1	253	253	81	266	253	0.944	1.000	342
130.2048	PF01408.25	1	121	1	117	121	75	327	120	0.370	0.975	74
130.2112	PF00359.25	19	122	17	119	104	70	129	144	0.806	0.715	53
130.2176	PF01812.23	6	181	1	185	185	116	183	187	0.962	0.989	103
130.2240	PF00466.23	8	101	6	100	95	50	163	100	0.577	0.950	83
130.2272	PF12461.11	2	92	618	708	91	0	92	708	0.989	0.129	234
